<?xml version="1.0" encoding="UTF-8"?>
<!DOCTYPE mapper
PUBLIC "-//mybatis.org//DTD Mapper 3.0//EN"
"http://mybatis.org/dtd/mybatis-3-mapper.dtd">

<mapper namespace="com.hmis.mapper.MajorMapper">

   <!-- 전공 crud, list, paging, search, 사용자 수강 정보 read -->

   <!-- (관리자 :: 전공 등록 시) 관리자 :: 교수 리스트 -->
   <select id="listProf" resultType="com.hmis.domain.ProfessorVO">
   <![CDATA[
      SELECT
          PROF_NO, PROF_NAME
      FROM
      TBL_PROFESSOR
      WHERE PROF_NO >= 0
      ORDER BY PROF_NAME DESC
   ]]>
         <!-- 필수, 선택 순으로 정렬 -->
   </select>

   <!-- 관리자 :: 전공 등록 -->
   <insert id="adcreate">
      insert into tbl_MAJOR (MAJOR_NO, COURSE_NO, MAJOR_NAME, GRADE,
      TRACK_CODE, PROF_NO)
      values(seq_major.nextval, #{courseNo},
      #{majorName},#{grade},
      #{trackCode},(SELECT PROF_NO FROM TBL_PROFESSOR WHERE PROF_NAME = #{profName}))
   </insert>

   <!-- 관리자:: 전공항목 목록 -->
   <select id="list" resultType="com.hmis.domain.MajorVO">
   <![CDATA[
      SELECT
          MAJOR_NO,
            COURSE_NO,
            MAJOR_NAME,
            PROF_NO,
            GRADE,
            TRACK_CODE
      FROM
      TBL_MAJOR
      WHERE MAJOR_NO >= 0
      ORDER BY COURSE_NO DESC
   ]]>
         <!-- 필수, 선택 순으로 정렬 -->
   </select>

   <!-- 관리자 :: 전공 업데이트 -->
   <update id="adupdate">
   <![CDATA[
      UPDATE TBL_MAJOR
      SET
      COURSE_NO = #{courseNo},
      MAJOR_NAME = #{majorName},
      GRADE = #{grade},
      TRACK_CODE = #{trackCode},
      PROF_NO = (SELECT PROF_NO FROM TBL_PROFESSOR
               WHERE PROF_NAME = #{profName})
      WHERE MAJOR_NO = #{majorNo}
   ]]>
   </update>


   <!-- 관리자 :: 전공 삭제 -->
   <delete id="addelete">
      DELETE FROM TBL_MAJOR
      WHERE MAJOR_NO = #{majorNo}
   </delete>



   <!-- 관리자 :: 상세내역조회 -->
   <select id="adread" resultType="com.hmis.domain.MajorVO">
      SELECT
      MAJOR_NO, COURSE_NO, MAJOR_NAME, GRADE, TRACK_CODE
      FROM TBL_MAJOR
      WHERE
      MAJOR_NO = #{majorNo}
   </select>




   <!-- 제목 검색 -->
   <sql id="search">
      <if test="searchType != null">
         <if test="searchType == 'm'.toString()"> and MAJOR_NAME like '%' || #{keyword} || '%' </if>
         <if test="searchType == 'c'.toString()"> and COURSE_NO like '%' || #{keyword} || '%' </if>
         <if test="searchType == 't'.toString()"> and TRACK_CODE like '%' || #{keyword} || '%' </if>
         <if test="searchType == 'p'.toString()"> and PROF_NAME like '%' || #{keyword} || '%' </if>
      </if>
   </sql>

   <select id="listSearch" resultType="com.hmis.domain.MajorVO">
   <![CDATA[ 
   SELECT * FROM(
  SELECT ROWNUM RNUM
        , MAJOR_NO
       , COURSE_NO
       , MAJOR_NAME
        , TRACK_CODE
        , GRADE
        , PROF_NAME
   FROM (
  SELECT M.MAJOR_NO
       , M.COURSE_NO
       , M.MAJOR_NAME
        , M.TRACK_CODE
        , M.GRADE
        , P.PROF_NAME
  FROM TBL_MAJOR M
     , TBL_PROFESSOR P
 WHERE M.PROF_NO = P.PROF_NO
   AND M.MAJOR_NO >= 0
]]>
      <include refid="search"></include>

      ORDER BY M.MAJOR_NO DESC
  
<![CDATA[    
 )) WHERE (RNUM >= #{pageStart} AND RNUM <= #{pageEnd}) 
ORDER BY MAJOR_NO DESC
]]>
   </select>

   <!-- 페이징 처리 -->
   <select id="listSearchCount" resultType="int">
      <![CDATA[  
        SELECT
        count(major_No) 
        FROM
        TBL_major 
        WHERE
        major_No >= 0  
      ]]>
      <include refid="search" />
   </select>



   <select id="countPaging" resultType="int">
      <![CDATA[
          SELECT 
             COUNT(MAJOR_NO) 
          FROM 
             TBL_MAJOR
         WHERE 
            MAJOR_NO > 0  
      ]]>
   </select>



</mapper>