<?xml version="1.0" encoding="UTF-8"?>
<!DOCTYPE mapper
PUBLIC "-//mybatis.org//DTD Mapper 3.0//EN"
"http://mybatis.org/dtd/mybatis-3-mapper.dtd">
<mapper namespace="com.hmis.mapper.ProgramMapper">

   <!--  관리자 :: 프로그램 등록 -->
   <insert id="adCreate">
   <selectKey keyProperty="proNo" resultType="int"
         order="BEFORE">
         SELECT SEQ_PROGRAM.NEXTVAL FROM DUAL
      </selectKey>
   

      INSERT INTO TBL_PROGRAM (PRO_NO, PRO_NAME, TYPE,
      APPSTART, APPEND,
      LIMIT_PARTI, CONTENTS, WRITER, REGDATE)
      values(#{proNo}, #{proName},
      #{type},#{appStart},#{appEnd},
      #{limitParti}, #{contents}, #{writer}, sysDate)
   </insert>

   <!--관리자, 학생 :: 프로그램  상세보기 -->
   <select id="read" resultType="com.hmis.domain.ProgramVO">
      select
      PRO_NO, PRO_NAME, TYPE,
      APPSTART, APPEND,
      REGDATE,
      LIMIT_PARTI, CONTENTS, WRITER, Hits
      FROM
      TBL_PROGRAM
      where PRO_NO = #{proNo}
   </select>


   <!-- 관리자 :: 프로그램 (홍보) -->
   <update id="adUpdate">

      UPDATE TBL_PROGRAM
      SET PRO_NAME=#{proName},
      WRITER=#{writer},
      TYPE =#{type},
      APPSTART = #{appStart}, 
      APPEND = #{appEnd},
       LIMIT_PARTI=#{limitParti},
      CONTENTS= #{contents}
      WHERE PRO_NO = #{proNo}

   </update>
   
      <!-- 프로그램 조회수 -->
   <update id="updateHits">

      update tbl_program

      set hits = hits + 1

      where proNo = #{proNo}

   </update>

   <!-- 제목 검색 : 프로그램명, 유형, 연도 -->
   <sql id="search">
      <if test="searchType != null">
         <if test="searchType == 'pm'.toString()"> and PRO_NAME like '%' || #{keyword} || '%' </if>
         <if test="searchType == 'type'.toString()"> and TYPE = #{keyword}  </if>
         <!-- <if test="searchType == 's'.toString()"> and APPSTART = #{keyword} 
            </if> -->

      </if>
   </sql>

   <!-- 학생 , 관리자 :: 프로그램 페이징 된 리스트 -->
   <select id="listSearch" resultType="com.hmis.domain.ProgramVO">
      <![CDATA[  
      
                SELECT
      *
      FROM(
         SELECT 
            ROWNUM RNUM,
            PRO_NO,
            PRO_NAME,
            APPSTART,
            APPEND, 
            WRITER,
                HITS,
                TYPE,
                LIMIT_PARTI,
                REGDATE
         FROM (
            SELECT 
            PRO_NO,
            PRO_NAME,
            APPSTART,
            APPEND, 
            WRITER,
                HITS,
                TYPE,
                LIMIT_PARTI,
                REGDATE
            FROM 
               TBL_PROGRAM
            WHERE 
               PRO_NO > 0 
      ]]>
      <include refid="search" />
      ORDER BY PRO_NO DESC
      <![CDATA[    
            
         )) WHERE (RNUM >= #{pageStart} AND RNUM <= #{pageEnd}) 
         ORDER BY PRO_NO DESC
      ]]>
   </select>

   <!-- 프로그램 검색할 때 전체 카운트 가져오기 -->
   <select id="listSearchCount" resultType="int">
      <![CDATA[  
        SELECT 
           COUNT(PRO_NO) 
        FROM 
           TBL_PROGRAM
        WHERE 
           PRO_NO > 0 
      ]]>

      <include refid="search" />
   </select>


   <select id="countPaging" resultType="int">
      <![CDATA[
          SELECT 
             COUNT(PRO_NO) 
          FROM 
             TBL_PROGRAM
         WHERE 
            PRO_NO > 0  
      ]]>
   </select>


   
   <!-- 학생 :: 다중 파일 등록 -->
   <insert id="insertFile">

      INSERT INTO TBL_AD_PRO_FILE(FILE_NO
      , FILE_NAME
      ,PRO_NO)
      VALUES(SEQ_AD_PRO_FILE.NEXTVAL 
      , #{fileName}
      , #{proNo})

   </insert>
   
   
      <!-- 학생 :: 다중 파일 등록 -->
   <insert id="deleteFile">
   DELETE FROM TBL_AD_PRO_FILE WHERE PRO_NO= #{proNo}
   </insert>
      
      
      
   
   <!-- 파일 목록 -->
  <select id="fileList" resultType="com.hmis.domain.FileVO">
      SELECT FILE_NO
      ,
      SUBSTR(FILE_NAME, 50) AS FILE_NAME
      , FILE_NAME AS FILE_LOCATION
      ,
      PRO_NO
      FROM TBL_AD_PRO_FILE
      WHERE PRO_NO = #{proNo}
   </select>




   <!-- 신청 여부 확인쿼리 -->
   <select id="stateCheck" resultType="com.hmis.domain.UserProgramVO">
      SELECT
      PRO_STATE
      FROM
      TBL_USER_PROGRAM
      where PRO_NO = #{proNo}
      AND USER_NO = #{userNo}
   </select>

</mapper>