<?xml version="1.0" encoding="UTF-8"?>
<beans xmlns="http://www.springframework.org/schema/beans"
	xmlns:xsi="http://www.w3.org/2001/XMLSchema-instance"
	xmlns:aop="http://www.springframework.org/schema/aop"
	xmlns:context="http://www.springframework.org/schema/context"
	xmlns:mybatis-spring="http://mybatis.org/schema/mybatis-spring"
	xmlns:jdbc="http://www.springframework.org/schema/jdbc"
	xsi:schemaLocation="http://www.springframework.org/schema/jdbc http://www.springframework.org/schema/jdbc/spring-jdbc-4.3.xsd
		http://mybatis.org/schema/mybatis-spring http://mybatis.org/schema/mybatis-spring-1.2.xsd
		http://www.springframework.org/schema/beans https://www.springframework.org/schema/beans/spring-beans.xsd
		http://www.springframework.org/schema/context http://www.springframework.org/schema/context/spring-context-4.3.xsd
		http://www.springframework.org/schema/aop http://www.springframework.org/schema/aop/spring-aop-4.3.xsd">

	<!-- Root Context: defines shared resources visible to all other web components -->
 
	<!-- db접속 -->
	<bean id="dataSource"
		class="org.springframework.jdbc.datasource.DriverManagerDataSource">
		<property name="driverClassName"
			value="net.sf.log4jdbc.sql.jdbcapi.DriverSpy" />
		<property name="url"
			value="jdbc:log4jdbc:oracle:thin:@localhost:1521:XE"/>
		<property name="username" value="HMIS1"></property>
		<property name="password" value="1234"></property>
	</bean>

	<!-- 세션관리 -->

	<bean id="sqlSessionFactory"
		class="org.mybatis.spring.SqlSessionFactoryBean">
		<property name="dataSource" ref="dataSource" />
		<property name="configLocation"
			value="classpath:/mybatis-config.xml"></property>
		<property name="mapperLocations"
			value="classpath:mappers/**/*Mapper.xml"></property>
	</bean>


	<!-- 접속, 실행, 해제 -->
	<bean id="sqlSession"
		class="org.mybatis.spring.SqlSessionTemplate"
		destroy-method="clearCache">
		<constructor-arg name="sqlSessionFactory"
			ref="sqlSessionFactory">
		</constructor-arg>
	</bean>

	<!-- persistance를 스캔 -->
	<context:component-scan
		base-package="com.hmis.persistence">
	</context:component-scan>
	
	
	<context:component-scan
		base-package="com.hmis.service">
	</context:component-scan>


</beans>
