<?xml version="1.0" encoding="UTF-8"?>
<beans:beans
	xmlns="http://www.springframework.org/schema/mvc"
	xmlns:xsi="http://www.w3.org/2001/XMLSchema-instance"
	xmlns:beans="http://www.springframework.org/schema/beans"
	xmlns:context="http://www.springframework.org/schema/context"
	xsi:schemaLocation="http://www.springframework.org/schema/mvc https://www.springframework.org/schema/mvc/spring-mvc.xsd
		http://www.springframework.org/schema/beans https://www.springframework.org/schema/beans/spring-beans.xsd
		http://www.springframework.org/schema/context https://www.springframework.org/schema/context/spring-context.xsd">

	<!-- DispatcherServlet Context: defines this servlet's request-processing 
		infrastructure -->

	<!-- Enables the Spring MVC @Controller programming model -->
	<annotation-driven />

	<!-- Handles HTTP GET requests for /resources/** by efficiently serving 
		up static resources in the ${webappRoot}/resources directory -->
	<resources mapping="/resources/**" location="/resources/" />

	<!-- Resolves views selected for rendering by @Controllers to .jsp resources 
		in the /WEB-INF/views directory -->
	<beans:bean
		class="org.springframework.web.servlet.view.InternalResourceViewResolver">
		<beans:property name="prefix" value="/WEB-INF/views/" />
		<beans:property name="suffix" value=".jsp" />
	</beans:bean>

	<context:component-scan
		base-package="com.hmis.controller" />


	<beans:bean id="loginInterceptor"
		class="com.hmis.interceptor.LoginInterceptor"></beans:bean>

	<beans:bean id="authInterceptor"
		class="com.hmis.interceptor.AuthInterceptor"></beans:bean>

	<interceptors>

		<interceptor>
			<mapping path="/loginPost" />
			<beans:ref bean="loginInterceptor" />
		</interceptor>

		<interceptor>

			<mapping path="/admin/main" />

			<mapping path="/admin/apply/list" />
			<mapping path="/admin/apply/read" />
			<mapping path="/admin/apply/waitList" />
			<mapping path="/admin/apply/waitRead" />

			<mapping path="/admin/estimation/list" />
			<mapping path="/admin/estimation/read" />

			<mapping path="/admin/mis/list" />
			<mapping path="/admin/mis/modify" />
			<mapping path="/admin/mis/register" />

			<mapping path="/admin/statistics/list" />

			<mapping path="/admin/subject/list" />
			<mapping path="/admin/subject/modify" />

			<mapping path="/admin/user/list" />
			<mapping path="/admin/user/modify" />
			<mapping path="/admin/user/register" />



			<mapping path="/user/main" />

			<mapping path="/user/apply/list" />
			<mapping path="/user/apply/read" />
			<mapping path="/user/apply/register" />

			<mapping path="/user/mypage/myInfo" />
			<mapping path="/user/mypage/myInfoUpdate" />
			<mapping path="/user/mypage/myScore" />


			<mapping path="/user/graduation/list" />


			<beans:ref bean="authInterceptor" />
		</interceptor>

	</interceptors>



	<!--파일 업로드 관련 Beans 설정 -->
	<beans:bean id="multipartResolver"
		class="org.springframework.web.multipart.commons.CommonsMultipartResolver">
		<beans:property name="maxUploadSize" value="10485760"></beans:property>
	</beans:bean>
	
	<!-- 서버의 파일 저장 경로 설정 -->
	<beans:bean id="uploadPath" class="java.lang.String">
		<beans:constructor-arg
			value="C:\\resources\\upload"></beans:constructor-arg>
	</beans:bean>

</beans:beans>
